{"cameraMode":{"drawMode":0,"name":"Shaded","section":"Shading Mode"},"sceneLighting":false,"audioPlay":false,"sceneViewState":{"showFog":true,"showMaterialUpdate":false,"showSkybox":true,"showFlares":true,"showImageEffects":true,"showParticleSystems":true},"in2DMode":false,"pivot":{"x":8.483819007873536,"y":-18.553211212158204,"z":15.818929672241211},"rotation":{"x":0.3097269535064697,"y":0.07406511902809143,"z":-0.02420790120959282,"w":0.9476273655891419},"size":64.10276794433594,"orthographic":false}