{"cameraMode":{"drawMode":0,"name":"Shaded","section":"Shading Mode"},"sceneLighting":false,"audioPlay":false,"sceneViewState":{"showFog":true,"showMaterialUpdate":false,"showSkybox":false,"showFlares":true,"showImageEffects":true,"showParticleSystems":true},"in2DMode":false,"pivot":{"x":0.01946568489074707,"y":2.3508291244506838,"z":-0.013833284378051758},"rotation":{"x":0.2818068265914917,"y":0.41311150789260867,"z":-0.13612666726112367,"w":0.8552153706550598},"size":19.84717559814453,"orthographic":false}