{"cameraMode":{"drawMode":0,"name":"Shaded","section":"Shading Mode"},"sceneLighting":false,"audioPlay":false,"sceneViewState":{"showFog":true,"showMaterialUpdate":false,"showSkybox":false,"showFlares":true,"showImageEffects":true,"showParticleSystems":true},"in2DMode":false,"pivot":{"x":9.5367431640625e-7,"y":0.5458850860595703,"z":0.48872852325439455},"rotation":{"x":0.20726455748081208,"y":0.36380282044410708,"z":-0.08338441699743271,"w":0.904287576675415},"size":40.357723236083987,"orthographic":false}